firstName,lastName,email,phone,notes
Douglas,Williams,harriskaren@gmail.com,0375154120,
Benjamin,Nguyen,arellanoshawn@wilson.com,001-303-268-6145x5438,
Jason,Wiley,richardphillips@brewer-baird.net,001-212-466-3415x120,
Dustin,Boyer,chambersdenise@mendez.com,+1-229-076-6034x9479,Kyle Boyer; 
Justin,Singh,russelljames@stephens.com,515.688.7653x961,
Caitlin,Kelly,lisanunez@yahoo.com,(238)632-8086x83680,
Tyler,Romero,jane51@doyle-williams.com,836.748.8885x46992,Steve Rremoo; Darren Romero; 
Jessica,Morrison,brucebell@hotmail.com,+1-931-381-4173x77984,
Deborah,Gonzalez,brandonjones@gmail.com,001-264-383-7406x403,
Allen,Price,emily57@yahoo.com,9712622580,
Linda,Oliver,mike44@yahoo.com,8145315449,Aaron Ovleir; 
Clayton,Norris,patrick73@yahoo.com,474-715-1014x57928,
Jason,Henderson,cynthiasmith@perez-davidson.com,(455)997-4827,Mloly Henderson; 
Dustin,Morales,brandonthomas@hotmail.com,(553)258-0664x6722,
Amber,Day,hamptonshannon@hotmail.com,(139)960-3107,
Daniel,Fuller,kelleymelinda@hotmail.com,192-288-1757x545,Kayla Fuller; 
Jennifer,Moss,iriley@yahoo.com,151.114.4864x333,Amanda Moss; Faith Moss; 
Tiffany,Orr,dalepena@lyons-morrison.com,805.030.1189x1691,Anna Orr; 
Sara,Davis,michaelgonzales@alexander.biz,709.903.8840x180,Joan Davis; 
Richard,Brown,gwilliams@henderson.com,001.549.0774,
Christopher,Campos,welchhannah@white.com,001-763-213-3087x03950,
Diana,Stewart,ygarcia@yahoo.com,001-451-171-8330x368,
Audrey,Boyd,kingjonathan@bell.info,+1-206-434-8628x14301,Evan Boyd; 
Jerry,Moore,cchoi@yahoo.com,4100211383,Marcus Moore; 
Tammy,Lee,acooper@hotmail.com,001-739-711-3669x0479,Kristen Lee; Katrina Lee; 
Kristen,Mcdonald,rarellano@yahoo.com,1008865615,Maria Mcdonald; Michele Mcdonald; 
Elizabeth,Hernandez,mendezmichael@baker.biz,147.482.1948,
Ronald,Dunn,karl92@hotmail.com,(559)466-6915x79029,
Peter,Frederick,austinsingleton@alexander.com,202.693.3385x48373,Alicia Frederick; 
Paul,Thomas,richard61@gmail.com,411-904-8882x76433,
Regina,Powell,davidhorn@cervantes-stewart.com,1290971658,
Lisa,Ramirez,victoria11@nunez-edwards.net,+1-040-568-0664x02928,Catherine Reiramz; 
Michelle,Martin,ivega@hotmail.com,+1-198-064-7690x6774,
Jennifer,Rodriguez,ryan23@gmail.com,+1-927-436-5948x61116,Tara Rodriguez; 
Taylor,Leach,zburton@yahoo.com,+1-395-062-4390x559,Cloyarn Leach; 
Brittany,Jackson,anne87@hotmail.com,511.390.6397x708,
Lucas,Garcia,johnsonsandra@moore-mathis.com,022-594-7653x645,Dean Graica; 
John,Green,patrickmacias@wolfe.com,(920)492-2179x5738,
Dylan,Juarez,melindawells@yahoo.com,622.981.6261x784,Asslya Juarez; 
Christopher,Guerrero,bryansilva@yahoo.com,378.594.8184,
John,Herrera,jamesfox@hotmail.com,724.769.3819,Deanil Herrera; 
Jody,Morgan,hfuentes@hotmail.com,(507)864-7181x7794,Regina Morgan; 
Jason,Hayes,antonio71@johnson.com,373-232-2540x23245,Lauren Hayes; Albert Hayes; 
Ryan,Sexton,usmith@smith.com,001-229-810-6837x3125,
Theresa,Murphy,whiteheadmichelle@gmail.com,(954)218-6743x08121,
Ronald,Griffin,toddford@strong.com,+1-443-687-3405x6528,
Sarah,Hubbard,shawn38@reed.com,592.083.5260x107,Jordan Hubbard; 
Teresa,Santos,michelle10@hotmail.com,003-739-1744x19515,Danny Satnos; Alexandria Saotns; 
Wendy,Mosley,obarrett@wright.com,001-699-493-6593x96529,
Tony,Hall,seth74@carroll-smith.org,274.654.8791,
James,Adams,skinnerkimberly@hotmail.com,001-634-868-1714x60719,Charlotte Adams; 
Lisa,Sullivan,joshua69@hotmail.com,3123024743,
Fernando,Travis,colemanheather@yahoo.com,(981)258-5341,Stephen Travis; 
Brenda,Perez,stanleymichael@gmail.com,659.152.6276,Shane Preez; 
Jodi,Blair,rwalters@yahoo.com,001-841-070-5533x7449,Nhcoails Blair; 
Sean,Phillips,bhampton@gmail.com,(649)720-7511,Richard Piplihls; 
Angela,Powers,stephaniebates@figueroa.net,475.088.3196,Jpesoh Powers; 
Andre,Olson,robinsonkaren@campbell-underwood.biz,+1-259-055-8055x2110,
William,Potter,timothymartin@obrien-sullivan.com,109-855-3716x055,Alexandra Pteotr; Hector Potter; 
Justin,Benton,jonathan43@hotmail.com,2113201724,
Lisa,Huang,lindsaymolina@hotmail.com,+1-598-397-4822x1436,
Stacy,Fields,wobrien@tyler.info,415.606.1874x1793,
Sarah,King,jenniferross@gmail.com,(468)139-0360,
Linda,Howard,kayla81@hotmail.com,711-169-0166x9345,
Sarah,Harper,teresa28@baker-harrison.com,8085643841,
Michelle,Villarreal,emilyatkinson@cox.info,2759501488,Erica Villarreal; 
Allison,Ward,lrichardson@fitzgerald-roberts.com,1357801723,
Jeffrey,Pena,amcdaniel@gmail.com,683.752.5086x4206,Tamara Pena; Gabrielle Pena; 
Jonathan,Norman,eddie61@gmail.com,7259607778,Jared Norman; 
Steven,Lopez,zhall@gmail.com,(613)172-6247x721,
Matthew,Wilkins,casey00@hughes-brown.info,(082)382-8451,Grant Wkilnis; 
Melinda,Garza,leejessica@yahoo.com,795.073.4669x442,
Pamela,Bullock,gregory13@gmail.com,268-185-1856x921,
Jamie,Patel,nathanieltyler@perez.info,676-956-6998x033,
Stacey,Carey,joshuaschmidt@beck-davis.org,112-053-3447,Jsiutn Carey; 
Charlene,Sanchez,amanda15@hotmail.com,294-602-8161,
Jennifer,Liu,tandrade@yahoo.com,(135)036-0640x3373,Tabitha Liu; 
Dylan,Barton,smithchristopher@yahoo.com,777.528.5522x382,Margon Barton; 
Stephanie,Andersen,blairheather@hotmail.com,162.212.3142x4508,Amber Andersen; 
Daniel,Erickson,henrytheresa@yahoo.com,+1-517-157-5137x636,Barbara Erickson; 
Casey,Kim,stoutcathy@hanson-gibbs.com,001-685-637-2849x8990,
Jonathan,Carroll,sheltonelizabeth@torres.org,001-182-991-4109x266,Evelyn Carroll; 
Holly,Clements,jamesfrank@murillo.biz,001-250-392-9585x972,Kelly Ceelntms; 
Dawn,Clark,isaac37@yahoo.com,693-108-7947,
Sara,Ball,bruce06@johnson.com,001-222-444-1425x6247,Ryan Ball; Selena Ball; 
Angela,Stevens,johnsonkevin@hotmail.com,682-333-3085,Adrienne Stevens; 
Kevin,Morrow,christopherjames@spears.com,026.070.2027x90722,Wyane Mororw; 
Jeremy,Lawson,christine03@rasmussen.com,3453735224,Diana Losawn; 
Billy,Douglas,kathleengarcia@maynard-myers.net,001-770-756-7160x1886,Logan Douglas; 
George,Jensen,rileymiller@gmail.com,414-719-8882x61184,
Stephanie,Baker,newmansarah@rodriguez.com,804-395-3304,Wanda Baker; Eric Baker; 
Matthew,Crosby,kimberlypatterson@roman.com,222-720-8260,Bianca Csbroy; Sally Crosby; 
Brittney,Ramos,diane21@hotmail.com,001-923-114-7250x3890,Clarence Ramos; 
Barry,Odom,crose@shah.com,069.137.4172x00345,
Jacob,Bennett,khandiane@hotmail.com,001-132-186-0136,
Renee,Jones,stephensonjason@gmail.com,061.589.4350x8104,
Christopher,Vasquez,michael73@petty.net,950.853.2168x78169,Alexa Vasquez; 
Anthony,Peterson,cassandrastark@yahoo.com,(546)779-2408x8888,Dalton Pseotern; 
Lee,Ayers,zachary85@hotmail.com,550-424-9856x662,Kathryn Ayers; 
Mackenzie,Parker,kendra37@yahoo.com,001-345-845-0965,
Jared,Graham,linda79@gmail.com,5542149639,
Jamie,Downs,hbenjamin@jackson.biz,(865)979-1591x947,Kevin Downs; 
Kimberly,Barnes,tiffany47@allen.com,442.895.0559x424,
Diana,Steele,kathleenmorgan@yahoo.com,001-147-842-4394x0880,Jay Steele; 
Bryce,Guzman,ljohnson@ramos.com,881.710.6850,
Paul,Wheeler,ypatrick@oliver-simpson.com,(772)127-1351,Trevor Wheeler; 
Tammy,Stone,cmejia@yahoo.com,592-234-6775,
Samantha,Marshall,mannheather@hotmail.com,(198)111-1727,
Christopher,Yang,madisonmartin@deleon-hawkins.info,796-743-6578x3083,Chad Yang; 
Jonathan,Scott,gphelps@erickson.info,605-745-0912x9325,
Regina,Preston,jwarren@hotmail.com,(808)010-3692x032,
Aaron,Pacheco,jasminebennett@yahoo.com,061-699-8706x5955,
Samantha,Dunlap,ibrady@yahoo.com,(444)207-0183x986,Nciloe Dunlap; 
Heidi,Ross,kathleenpeters@yahoo.com,271-127-9170x57150,
John,Sims,qsaunders@hotmail.com,684-807-8817,Scott Sims; 
Kristina,Richardson,thompsonsandra@ayers.com,001-606-438-1728x6170,Denise Richardson; 
Veronica,Hudson,sdorsey@berg-walter.biz,(759)397-2031,
Ryan,Watson,jamierice@nixon.com,315-871-6520x7503,
Corey,Conner,dsanders@gmail.com,+1-452-486-7160,
Jenny,Levy,jon11@gmail.com,4178678938,
Jessica,Prince,gregory75@gmail.com,001-052-286-9589x48565,
Robert,Rush,christopher18@yahoo.com,881-374-1581,
Nancy,Chang,laurahardy@hodge.info,056.902.9752x122,
Zachary,Mcguire,tony03@gmail.com,(758)118-8936x4823,
Alejandro,Myers,murraybrandon@oconnor-robinson.biz,(157)266-6378x37660,
Jerry,Mitchell,xhall@mathis.net,187-879-2568x01985,
Mariah,White,robertgonzales@hotmail.com,497.738.6038,
Carolyn,Snyder,baileyamber@gmail.com,+1-721-877-1522,
John,Patterson,jenniferhenderson@hotmail.com,580-262-5313x93777,
Kevin,Harris,cannondaniel@gmail.com,7354195104,
Taylor,Thompson,kelly50@taylor.com,5974578737,
Nichole,Maddox,veronicawalker@yahoo.com,+1-993-381-2452,
Jody,Rhodes,joseph50@bryant-young.com,001-457-714-3603x899,
Leslie,Winters,upittman@hotmail.com,2716374159,
Mallory,Hoffman,justinrobinson@hotmail.com,(828)027-6170x04815,Jack Hoffman; 
Susan,Lynch,steven27@yahoo.com,909.994.3458,Meagan Lcnyh; 
David,Lane,marshalljasmine@hotmail.com,001-985-500-7744x5984,
Daisy,Mayo,rhondamcbride@hotmail.com,+1-875-262-7333x5795,Clifford Mayo; 
Brad,Perry,lmiddleton@munoz.com,2811648099,
Joseph,Duncan,wilsontodd@gmail.com,(638)153-0086x87299,Cassidy Dcaunn; 
Ryan,Wolfe,cameron97@klein-foster.com,001-803-285-9858,Alejandro Wolfe; 
Willie,Sherman,ericstafford@gmail.com,(744)419-5780,
Timothy,Eaton,thomas31@stanley.net,804.905.1065x22217,
Judy,Osborne,reeveskathy@cole-medina.net,001-097-126-9808x2954,Tyolar Osborne; 
James,Chandler,jamescooper@yahoo.com,335-593-7814x272,Tammy Chandler; 
Christina,Harrison,joshua55@hotmail.com,243-034-2303x599,
Leah,Simpson,katherinecox@li.com,+1-523-812-5173x9866,
Russell,Lara,mcneilvictoria@sexton.com,724.675.7002x006,
Tammy,Everett,tholt@morales.com,+1-324-520-6211x68375,
Dustin,Daugherty,farnold@gmail.com,704.132.3980,Diane Drhuaegty; 
Kim,Warren,wwells@yahoo.com,(011)498-7341x647,Travis Warren; 
Juan,Bowen,kelly27@gmail.com,001-687-409-5974x347,Sharon Boewn; 
Donald,Wells,lmcbride@gmail.com,458.953.9636,
Veronica,Schwartz,robert30@hotmail.com,098-324-7648x841,Naitlae Schwartz; 
Jody,Cantu,david98@hotmail.com,(806)015-0805x715,Edgar Cantu; 
Christopher,Dennis,hannah09@leon.com,618-277-8275x750,
Derrick,Reese,qpeters@hotmail.com,+1-143-354-9967x68392,Gina Reese; 
James,Kennedy,rodriguezscott@hotmail.com,001-331-153-0254x8197,Gregory Kennedy; 
Tara,Swanson,orodriguez@chambers.net,148-547-7978x93120,Samuel Swanson; 
Ashley,Mann,montgomerydaniel@simmons.com,+1-954-545-3120,Cransdsaa Mnan; 
Jerry,Gutierrez,marissarusso@espinoza.com,257.326.3114x74884,
Terri,Lamb,fergusonjennifer@hotmail.com,630.585.8023x93639,
Sharon,Barber,hnorris@peterson-pace.net,(137)065-8319,
Felicia,Cruz,angela86@hill.com,(704)811-1936,
Tyler,Benjamin,benjaminriddle@hotmail.com,001-838-687-4451x8758,
Sherri,Gray,vhayes@lyons.com,733-012-0727x56863,
Ryan,Holt,steven68@hotmail.com,001-945-986-0715x193,
Brett,Parsons,todd95@yahoo.com,960-388-8992,
Christopher,Webb,michaeltapia@anthony.com,728.933.6222x810,Rndoha Webb; 
Anthony,Dickerson,taylorpalmer@taylor.com,6038195014,
Alexandria,Fleming,robinsonandrea@yahoo.com,582-787-7116,
Karen,Wright,williamgarcia@gmail.com,(989)382-2760x52194,Latoya Wright; 
Lisa,Hawkins,brownthomas@gmail.com,001-522-568-3417,
Roger,Burton,jacoblopez@gmail.com,715-885-9221x6170,Jocelyn Brtoun; 
Grace,Martinez,sbrandt@yahoo.com,+1-612-646-4574x70729,
Amanda,Nash,paynemark@gmail.com,156-324-7794,Becky Nash; 
Alexandra,Saunders,gregoryallen@gmail.com,500.412.9270x974,Rnolad Saunders; 
Eric,Cortez,ricky43@yahoo.com,203-670-5191x9804,
Katherine,Gardner,stephaniephillips@perry.com,(833)424-6773x12062,Eidde Gardner; 
Megan,Avila,toddtara@thomas.org,126-667-6499x0852,
Connie,Hart,stevecastillo@yahoo.com,7715009459,Ashley Hrat; 
Shannon,Reid,kristenbowman@cervantes.info,+1-038-576-2913x9574,
Ronald,Dixon,jessica14@burke.info,001-442-065-6439,
Stacey,Rivera,davidmacias@cooley.net,661.320.5979x6417,
Jennifer,Contreras,garciacarolyn@hotmail.com,(472)327-2349x4431,
Deanna,Keller,thomas61@yahoo.com,(446)382-2852x8645,
Sean,Curry,perryrichard@yahoo.com,001-092-386-5426,
Melissa,Edwards,ithompson@gmail.com,004-096-9030x6063,Gogree Edwards; 
Rhonda,Robbins,burgessbrittany@hotmail.com,+1-422-774-3054x8011,Jody Robbnis; 
Kathleen,Welch,ecosta@yahoo.com,834-376-5862x937,
Christopher,Mclaughlin,larry30@ellis.info,+1-511-013-3746x64566,
Albert,Gordon,brady44@gmail.com,001-608-478-3010x70407,Lindsey Gordon; 
Brett,Bird,curtisjennifer@yahoo.com,001-769-033-5512x90310,Carlos Bird; 
Tonya,Taylor,joyce91@yahoo.com,(713)184-2008x38859,
Derek,Strong,mariahhampton@contreras-gonzalez.net,279-212-1486,Leah Snotrg; 
Jose,Lewis,icooper@hotmail.com,+1-240-221-6466x26349,Lucas Lewis; 
Daniel,Carter,elizabethbruce@hotmail.com,(402)300-2687,
Jill,Goodman,hayeschristian@callahan-alvarez.com,+1-955-064-5087x1772,Zachary Goodman; 
David,Spencer,andersonjoshua@fox-pace.biz,001-624-093-4256x98647,Christy Scenper; 
Timothy,Chase,melissa18@smith.com,234.945.5239x7980,
Omar,Williams,vallen@hotmail.com,(300)504-7735x2585,Victor Williams; Kristina Williams; 
Joseph,Nguyen,sluna@joyce-baxter.org,+1-197-194-8511x91490,Clinton Nguyen; 
Brenda,Wiley,nbowers@hotmail.com,351-195-1461,Ribon Wiley; 
Megan,Boyer,michelle77@davis.org,193-160-5544x22975,
Brittany,Singh,christopherjohnson@mendoza.org,(596)903-1923x617,Tina Singh; 
Brian,Kelly,patrick27@lopez-barnes.com,177-250-7679,Angelica Kelly; 
James,Romero,andrewbanks@collins.com,6435634359,
William,Morrison,juliemeyer@ferrell.com,543.136.1986,
Lori,Gonzalez,sara19@kemp-wallace.info,020-774-5798x900,
Jane,Price,lori35@hotmail.com,(674)204-7549x63213,Jienluaqce Prcie; Adrian Price; 
Jeffrey,Oliver,garyarellano@alvarez-soto.com,584.749.5112,
Marissa,Norris,fhoffman@gmail.com,001-337-108-1790x12444,Caitlin Norris; 
Jennifer,Henderson,spencerdakota@smith-jones.info,040.695.1094,
Kenneth,Morales,jennifer69@estrada-burke.net,006-441-0313,
Paul,Day,zkelley@yahoo.com,0562394995,Dniens Day; 
Stacy,Fuller,meganyoung@elliott.com,(654)365-0113x0147,Patrick Fuller; 
Debra,Moss,zjohnston@yahoo.com,665-532-8041x1084,
David,Orr,michele52@combs.net,817.043.0795x784,
Sandra,Davis,spowell@gmail.com,783-149-5261x8382,
Lisa,Brown,agill@wiley-gonzales.com,992.413.3688x65411,
Ashley,Campos,joseph43@sparks.com,474-392-1194,
Kristine,Stewart,rcollins@gmail.com,001-765-622-4870,Joshua Stewart; Alexis Stewart; 
Pedro,Boyd,camachobrandon@hotmail.com,(509)179-5154,
Michael,Moore,preid@martinez.com,001-153-044-8050,
Susan,Lee,nancybrown@gmail.com,224.627.4322,
Justin,Mcdonald,taylordonna@thompson.com,001-172-958-2447,
Tracey,Hernandez,enixon@yahoo.com,+1-180-709-0792x9379,Glen Hnrneaedz; Jaillin Hernandez; 
Randy,Dunn,ronaldallen@hotmail.com,+1-561-567-0514x8076,Bradley Dunn; 
Nicholas,Frederick,hebertmatthew@nguyen-raymond.com,+1-510-704-5303x3989,
Phyllis,Thomas,robert22@yahoo.com,8953293147,Meghan Thomas; 
Jesse,Powell,anthony45@gmail.com,(497)288-7615x973,Doris Polwel; 
Cody,Ramirez,cabreramatthew@yahoo.com,+1-497-127-9401x237,
Kim,Martin,emcguire@charles.com,001-126-005-7085x431,Sheila Martin; 
James,Rodriguez,johngonzales@brown-garner.biz,(049)216-5872,
Jacob,Leach,jeromeferguson@lara.org,867.713.7508,
Kristin,Jackson,cindymoran@strong-miller.com,773-806-2422x51433,Shannon Jackson; Ashlee Jackson; 
Kristen,Garcia,bradley60@johnson.com,041-988-1935x89670,
Amanda,Green,juliedrake@gmail.com,+1-965-659-6299x914,
Dawn,Juarez,odonnelldanielle@cook.biz,484-619-1737,Mark Juarez; 
Richard,Guerrero,brownholly@gmail.com,292.148.0998,Courtney Guerrero; 
Megan,Herrera,xrhodes@hotmail.com,992.757.2011,Corey Herrera; 
Lawrence,Morgan,jonathansimpson@hotmail.com,441-740-3893x647,
Eric,Hayes,gwendolynperry@yahoo.com,670-833-5872,
Shannon,Sexton,laurie43@yahoo.com,478-777-5222x8303,Rbekaeh Sexton; 
Sally,Murphy,kmiller@hotmail.com,(934)262-2835x5445,Martin Murphy; 
Linda,Griffin,joshualopez@yahoo.com,+1-406-131-3014x073,
Joseph,Hubbard,susangarza@robertson.com,001-013-523-4907,
Jeffrey,Santos,kaneaustin@yahoo.com,232.857.4537x73294,
Heather,Mosley,martinezshelby@yahoo.com,(475)196-2968x567,April Mosley; Devon Mosley; 
Amanda,Hall,phillipscott@hotmail.com,946.335.5570,
Kurt,Adams,ronald73@yahoo.com,+1-637-617-2207,
Shelby,Sullivan,maryjones@hotmail.com,001-809-370-3410,Angela Sullivan; 
Jennifer,Travis,vcooper@wood.org,+1-329-611-6904x8413,
Peggy,Perez,zunigajacob@yahoo.com,7392937587,
Michael,Blair,helenkirk@gmail.com,+1-449-643-3364x487,Nathan Blair; 
William,Phillips,codymorgan@hotmail.com,001-622-237-6137,Clriae Phillips; 
Nathaniel,Powers,nvincent@patel.com,+1-564-567-6893x3894,Teresa Pwroes; 
Brenda,Olson,zwatson@schneider-anderson.org,184.760.8336x617,Rcbceea Olosn; Gabriel Olson; 
Cassandra,Potter,harrisonmatthew@hotmail.com,780-106-0170x8906,
Glenn,Benton,patriciaarnold@gmail.com,141.983.6822x779,
Michele,Huang,millerjustin@hotmail.com,714-052-2251x96890,
Eric,Fields,patriciamcdonald@vazquez.biz,+1-041-604-5311,Klesey Fields; 
Terry,King,juan63@clark.biz,184-660-7578x4905,Antonio King; 
Lance,Howard,ryan31@eaton.biz,4905255935,Brain Howard; 
Erika,Harper,charles23@cabrera-torres.com,576-232-7240x96998,
James,Villarreal,cbarnes@yahoo.com,+1-150-994-2584x4783,Brandi Villarreal; 
Lucas,Ward,amymiller@gmail.com,356-286-7121,Gloria Ward; 
Joseph,Pena,starkrachel@sampson.com,8002096460,
Vanessa,Norman,ericaporter@hotmail.com,(770)371-9820,
Pamela,Lopez,teresaholt@vasquez.info,+1-060-067-1031x7579,Bobby Lopez; 
Samantha,Wilkins,xfitzpatrick@gmail.com,180-113-9102,Ross Wilkins; 
Patrick,Garza,ismith@hotmail.com,704-999-6358,
Lisa,Bullock,jason18@weaver.com,273.935.0596,
Mark,Patel,udavis@gmail.com,001-105-366-7513,Rodney Patel; 
Victor,Carey,carpenterrichard@hamilton.info,(324)318-8203x4518,
Victoria,Sanchez,nbarnes@hotmail.com,001-764-541-0521x5918,Tarcy Sanchez; 
Rhonda,Liu,john98@butler-smith.net,856-202-3212x37970,
Emily,Barton,tyler43@brown-brown.net,(284)032-5374x85302,Erwdad Botarn; 
Brandon,Andersen,charlesmendoza@gmail.com,072-282-3087x716,Geoffrey Andersen; 
Michael,Erickson,smithmelissa@yahoo.com,001-571-957-6954x13472,
Rachel,Kim,robertnguyen@woods-harmon.com,(058)174-5574x16408,Clayton Kim; 
Alyssa,Carroll,yangjames@green.com,923.275.2084,
Barbara,Clements,brian01@green.com,081-946-8527x669,Raplh Clements; 
Veronica,Clark,lararuth@yahoo.com,111-991-4584x7184,Julie Crlak; 
Melissa,Ball,vguzman@yahoo.com,265-012-0031x474,
Erika,Stevens,kaylaashley@marquez.com,077-044-2837,
Melissa,Morrow,douglasvargas@gomez-rodriguez.net,1984992086,
Tammy,Lawson,karlavazquez@king-brown.com,154.031.9736x2405,Erin Laowsn; 
Christine,Douglas,ayersjeffrey@roberts.com,6675258710,Mtsiy Dulgoas; 
Roger,Jensen,marisa76@green.net,1351683108,
Johnny,Baker,anthony32@lloyd.com,401-998-5525,
Rachel,Crosby,dgriffin@gmail.com,(510)553-0640x9515,
Karen,Ramos,ingramchristine@yahoo.com,+1-456-279-9451x2687,Tiafnfy Ramos; 
Patrick,Odom,abarnes@fisher.org,001-546-684-7673x0139,Shawn Oodm; 
Heather,Bennett,ewilliams@bennett.com,(997)634-5168,Jane Bennett; 
Edwin,Jones,xwilliams@stewart.info,3849160716,Marissa Jneos; 
Alexandra,Vasquez,joseph10@gmail.com,723.386.7387x136,Bailey Vasquez; 
William,Peterson,melinda74@hotmail.com,354-838-4148x8971,Krystal Peeotsrn; 
Michael,Ayers,kathleenwoodard@benitez.com,764.233.0834x3509,Miranda Ayers; 
Lauren,Parker,uwalters@francis.biz,619.422.1605x66188,Cindy Parker; Javier Paekrr; 
Collin,Graham,stephanierodriguez@sutton-brown.com,001-421-031-1984x7016,Jocab Ghraam; 
John,Downs,hannah48@gmail.com,827.343.0290,
Laura,Barnes,christinarocha@yahoo.com,001-103-970-6545x038,
Jacob,Steele,johntownsend@butler.com,907-526-4118,
Holly,Guzman,nwang@gmail.com,356-194-0222x311,Kenneth Guzman; 
Sonya,Wheeler,adam17@yahoo.com,620.290.2625x450,
Edgar,Stone,paulataylor@hotmail.com,747.259.8282x453,
Melissa,Marshall,karenbrewer@rodriguez.com,248.637.4655x149,Mike Marshall; 
Natalie,Yang,aaron55@prince-carter.org,(833)548-9695x86968,
Nicholas,Scott,nsutton@ferguson.com,217-635-2928x292,
Jason,Preston,iriley@peterson-santiago.org,033-999-1981,
John,Pacheco,thompsonjeffrey@yahoo.com,9411893489,
Jennifer,Dunlap,wilsonnicholas@foster.com,(597)148-1456x579,
Natalie,Ross,orodgers@smith-taylor.com,915.653.6030x4754,
Alice,Sims,gutierrezjacqueline@becker.biz,(569)628-7454,
Christopher,Richardson,gillchristina@yahoo.com,8482816115,
Courtney,Hudson,joneschristopher@robles-montgomery.com,+1-421-262-4573x5319,
Christie,Watson,katherine92@maxwell.com,(832)292-1848x057,
Patricia,Conner,ibrandt@johns-sparks.net,9411510486,
Jeffrey,Levy,beckpatrick@yahoo.com,+1-942-578-9544x52962,
Brandy,Prince,nicolejohns@yahoo.com,094-705-7161,
Richard,Rush,sharpmatthew@wright.net,001-771-773-0778x78294,
Charlotte,Chang,brandonbonilla@hood.org,(327)036-2444,
Kevin,Mcguire,mark10@fisher.biz,285-183-5572x06785,Carol Mcguire; 
Jeremiah,Myers,perrycory@baldwin.org,(190)409-2332,Harold Myers; 
Mary,Mitchell,smithsharon@estes-lopez.com,4144335825,
David,White,teresa64@gmail.com,570-491-8663x2118,Yolanda White; 
Michael,Snyder,nwatts@farrell.biz,(592)121-1492x4540,
Matthew,Patterson,craigellis@singh.com,+1-355-315-8671,
Earl,Harris,martinashley@holmes.com,(882)560-7943x0332,
William,Thompson,waterszachary@mcbride-klein.com,001-705-665-4541,Drew Thompson; 
Michelle,Maddox,wendy45@miller.com,(780)301-5738,Draboeh Maddox; 
Nicole,Rhodes,johnjohnson@gmail.com,957.952.3479,Vickie Rhodes; 
Christina,Winters,bryanbradford@zamora.net,+1-851-233-7560x69616,Brittany Winters; 
Stacy,Hoffman,careybrian@yahoo.com,+1-314-954-6411,
Ashley,Lynch,jacobsnathan@hernandez.com,(429)172-2473,
Lisa,Lane,april31@hotmail.com,001-932-430-8682x73742,Jiamereh Lane; 
Pam,Mayo,nlutz@hotmail.com,666-102-0555x268,
Sarah,Perry,cwright@olson.net,0046728023,Ficliea Perry; 
John,Duncan,janetmiller@yahoo.com,574-478-4903,
Joshua,Wolfe,brownvanessa@garcia-hill.net,969-846-8002x7764,
Sherry,Sherman,esmith@newman.com,3483680705,Emily Sherman; 
Brian,Eaton,denisegarcia@gmail.com,+1-992-782-4891x819,Jon Etoan; 
Elizabeth,Osborne,upatterson@yahoo.com,465-125-0009,
Kevin,Chandler,aprilmclean@fox.com,001-467-601-4100x141,
James,Harrison,david88@yahoo.com,8400274694,Carrie Harrison; 
Elizabeth,Simpson,bakerkimberly@gmail.com,081.823.1907x24436,Holly Simpson; 
Jasmine,Lara,murraynancy@hotmail.com,7248958689,Duoagls Lara; 
Brenda,Everett,karlamccullough@gmail.com,(696)089-7034x0116,Ciarg Eeretvt; 
William,Daugherty,dustinscott@smith.biz,356-884-5253x2853,
Joseph,Warren,samanthadecker@christensen.com,092.052.4014x82364,
Jennifer,Bowen,pricewilliam@jones.com,(272)114-2086x05797,
Austin,Wells,schmidtmichael@ayala-wilson.com,907-457-4768x270,Paul Wells; 
Robert,Schwartz,stephanie45@mcbride-aguilar.com,(433)871-4777,
Autumn,Cantu,richarddurham@jones.com,(863)790-2310,
Margaret,Dennis,huertakimberly@miller.info,001-981-123-6214x22249,Austin Dennis; 
James,Reese,dylancortez@cole.biz,(428)818-3091x5522,
Tina,Kennedy,sarah12@hotmail.com,001-585-001-4603x111,
Kristen,Swanson,smithmichele@gmail.com,324.386.5750x46047,
Alicia,Mann,erikanelson@garcia-fox.net,(891)907-6308x041,
Janet,Gutierrez,duncanantonio@page.com,(379)052-2618x3870,Louis Gutierrez; 
Tammy,Lamb,matthew35@burns.com,(250)708-1911x19272,Aloilsn Lamb; 
Jonathan,Barber,ryan97@garza.com,+1-914-888-8710x86191,Gerg Barber; 
Amanda,Cruz,pyoung@yahoo.com,350-396-0138,Kylie Cruz; 
Miranda,Benjamin,knunez@yahoo.com,954.701.1217x03759,Katherine Benjamin; 
Kelly,Gray,hollyruiz@sullivan-anderson.net,+1-223-593-9470,Karen Gray; 
Fernando,Holt,dominicyoung@gmail.com,422-029-4730x599,Janet Holt; 
Tyler,Parsons,wmorgan@gmail.com,+1-328-642-6625x722,Gerald Panross; 
Christopher,Webb,monroedavid@yahoo.com,312.750.4574x0850,
Andrew,Dickerson,savannah39@hotmail.com,031-533-2071x004,Mlaneie Dickerson; 
Cheryl,Fleming,cannonjessica@patterson.com,001-331-213-1319x84826,Jonathon Finlemg; 
Cindy,Wright,nelsoncarly@callahan.com,(815)012-8727x5199,
Ryan,Hawkins,brentbishop@curtis.net,468-949-9559,Plhilip Hawkins; 
Nathan,Burton,rebekahflores@parker.net,001-446-844-0206x61801,
Emily,Martinez,marcia28@gmail.com,282-137-8300x396,Larry Maenitrz; 
Earl,Nash,zburnett@hotmail.com,440-374-2166,
Susan,Saunders,matthewday@carpenter.info,512.285.3648,
Jonathan,Cortez,cmccarthy@hotmail.com,473-781-8404,Judy Cortez; 
Trevor,Gardner,amber99@davis.biz,648.488.0909,
Leah,Avila,terrijohnson@gmail.com,5489717945,Gail Avila; 
Mariah,Hart,xvaughn@yahoo.com,001-063-170-3064,
Dennis,Reid,ojensen@lang-riley.com,001-372-306-6949,Celab Reid; 
Nicholas,Dixon,garyfranklin@bennett.com,001-471-980-1117x426,Jamie Dioxn; 
Mitchell,Rivera,heatherperez@hotmail.com,583.653.9472x26858,Riely Rveria; 
Heather,Contreras,monica30@jones.com,001-257-235-9410x792,Devin Contreras; 
Todd,Keller,dylan74@cook-crawford.com,367.074.3376,Angel Keller; 
Joseph,Curry,linda38@gmail.com,995-297-6773x8350,Biledna Curry; 
Roberta,Edwards,jjones@aguilar.biz,9441670269,
Madison,Robbins,mendozaallison@hotmail.com,(040)602-3434x36431,
Robert,Welch,cervantesshane@smith.com,001-476-971-5572x7553,Fred Welch; 
Victor,Mclaughlin,david49@tucker.org,454-562-6660,Abigail Miulghacln; 
Christopher,Gordon,yjohnson@white.com,783-398-9180x39469,
Shelly,Bird,kristi66@whitaker.com,+1-310-773-8423x3467,
Anthony,Taylor,jasonmatthews@hotmail.com,744-669-5809,Christine Taylor; 
Adam,Strong,lucasandrea@brown.biz,001-785-685-8169,
Ann,Lewis,ssnyder@hart.biz,978.373.3834x651,
Renee,Carter,lisasanchez@benson.info,+1-466-478-3722x767,Pam Carter; 
Jessica,Goodman,valenzuelaveronica@smith.com,399-037-9775x938,
Brandon,Spencer,rodriguezdenise@harrison.info,+1-872-195-8361x5106,
Jonathan,Chase,jeremiahkelly@gmail.com,001-237-038-2278x6993,Tonya Chase; 
Timothy,Williams,whitneymalone@hotmail.com,(133)695-6259x6330,
Antonio,Nguyen,barbergloria@lee.com,093-303-2905,Stacy Nguyen; 
Stacy,Wiley,melissa66@whitney-turner.com,590-964-6744x22377,Valerie Weily; 
Anthony,Boyer,amitchell@hotmail.com,4831176995,Vicnreoa Boyer; 
Stephanie,Singh,joelespinoza@barry-howard.com,413-297-5531x27543,Christopher Singh; 
Rachel,Kelly,misty70@gmail.com,+1-906-087-4855x98202,Destiny Kelly; 
Daniel,Romero,mooncarl@gmail.com,273.899.4478,
Laurie,Morrison,znelson@diaz-williams.info,498-148-4959,Tleyr Morrison; Dsaiy Morrison; 
Kathy,Gonzalez,mjackson@gmail.com,842.932.8068x2048,Susan Gonzalez; Cynthia Gonzalez; 
Jennifer,Price,bonnie05@pope-arellano.com,(708)758-4870,
Jimmy,Oliver,elizabethharris@gmail.com,+1-708-807-1588x7809,Amy Oliver; 
Jeffrey,Norris,tiffanyandrews@lindsey.biz,(449)691-0508,Sandra Norris; 
Laura,Henderson,aaron97@hotmail.com,+1-155-701-8233x8602,Anthony Henderson; 
Mitchell,Morales,kathleenhughes@yahoo.com,331.959.8089x56130,Alex Morales; Danielle Morales; 
Henry,Day,montgomerymichael@reed-golden.info,(187)123-6307,Allen Day; 
Gregory,Fuller,carterjoshua@howell.org,001-440-850-0101x184,
Kelly,Moss,melissa35@gmail.com,506-282-5463x07260,
Jimmy,Orr,williamsmallory@joseph.info,001-243-429-1919x032,Kaitlyn Orr; 
Aaron,Davis,graycrystal@yahoo.com,001-959-531-8019,Tmahos Davis; 
Crystal,Brown,leebrandon@yahoo.com,547.226.7897x384,Jeffrey Brown; Deanna Brown; 
Candice,Campos,bowerscynthia@rogers-collins.biz,(818)717-5019x8751,Lance Campos; Brent Campos; 
Meghan,Stewart,jennifer38@yahoo.com,0537303510,
Brandon,Boyd,anitaferguson@gmail.com,0223358039,Laura Boyd; 
Penny,Moore,laurapowell@anderson.com,(437)333-1628x9672,Nashtaa Moore; 
Audrey,Lee,gmerritt@gmail.com,(118)678-1228x99724,
Kevin,Mcdonald,ocox@simmons-davis.com,077-140-6194x64645,
Amy,Hernandez,ballkelly@lin-guzman.com,680-474-1580x442,
Kimberly,Dunn,michaelbrown@perez-lee.com,631.727.3234,Curits Dnun; 
Chad,Frederick,bakerdonald@hotmail.com,823.122.4872,Johnny Frederick; 
Stephanie,Thomas,wortiz@jones.net,782.644.1065,Rachel Thomas; 
Tricia,Powell,james91@wells-wilkerson.com,+1-733-182-9137x95406,David Powell; 
Joseph,Ramirez,stephanie58@wright-davis.com,(020)560-0350x84016,Crystal Rreimaz; 
Tracy,Martin,parkerjohn@curtis.info,(838)721-6786,Michael Mratin; 
Mary,Rodriguez,nromero@gmail.com,089.754.4481,Melissa Rodriguez; 
Michael,Leach,ashley67@hotmail.com,001-026-838-7195x34449,Vkici Leach; 
Anthony,Jackson,codom@taylor.com,001-005-820-2020x94390,
Tim,Garcia,madisonwalls@baker.org,582-429-5512x2189,Keith Garcia; 
Christopher,Green,wrobertson@middleton.net,+1-179-400-1454x7133,Kara Green; Marie Geern; 
Amanda,Juarez,sellersjose@robbins-white.com,+1-325-808-8620,
Gregory,Guerrero,bmoreno@gmail.com,047-423-4887x9982,Roger Greeruro; 
Philip,Herrera,pfaulkner@perry-mcguire.com,278.204.5063x4389,
Jerry,Morgan,luis38@gmail.com,(528)446-5606x2460,Peter Morgan; 
Amanda,Hayes,spittman@yahoo.com,984-426-3107x04579,
Shannon,Sexton,gmaxwell@wilson.com,+1-277-536-2855x42620,Ellen Sexton; 
Julie,Murphy,fdrake@king.com,001-174-417-1666,Voritica Mpuhry; 
Melanie,Griffin,jennifernelson@rivera.com,(332)423-6301x1615,Reene Giffirn; Lynn Griffin; 
Sara,Hubbard,jennifer00@hotmail.com,(539)022-8738x5470,Wenihty Hubbard; 
Alison,Santos,rothbarbara@hotmail.com,(886)772-5524,
Stephanie,Mosley,umosley@jackson-scott.com,+1-894-364-3036x71983,
Anthony,Hall,ublackburn@gonzalez-frank.com,522.932.3589x2131,Jennifer Hall; Virginia Hall; 
Ryan,Adams,milleramanda@yahoo.com,169-340-6950x1490,Gary Adams; 
Anthony,Sullivan,kyleellison@chavez.com,908.688.0085x835,Jesus Svuailln; 
Steven,Travis,bradley37@galvan.com,3444238423,Kathy Tviras; 
Justin,Perez,tgallagher@gentry.net,597.482.1446x7542,Ptiacira Perez; 
Amy,Blair,swilliams@yahoo.com,249.337.5810x12407,
Jenna,Phillips,bethmata@greene.com,001-747-371-5857x747,
Ryan,Powers,iwatkins@christensen-boyd.com,(916)249-9082x154,
Donald,Olson,meghanmiller@adams-garcia.com,001-740-369-0229x094,
Sherry,Potter,sherriwheeler@johnson-mann.com,+1-801-799-1180x16975,
Mark,Benton,nhartman@gmail.com,001-450-256-0799x60691,Hannah Btonen; Raymond Benton; 
Ronald,Huang,kevin75@gmail.com,981.419.4095,Mia Huang; Ceeloln Huang; 
Juan,Fields,melindamartinez@ibarra.biz,(508)429-9899,Sean Fields; 
Richard,King,sarah13@yahoo.com,+1-703-857-5503,Anne Knig; 
David,Howard,vwalker@reid.com,001-034-360-5699x04468,Jake Hwoard; 
David,Harper,carl48@hotmail.com,807.825.3377x745,Carl Harper; Bnajeimn Harper; 
Tara,Villarreal,collinstheresa@skinner.net,344-862-4628x059,
Sara,Ward,jsantos@warner-nguyen.com,(326)272-5367x68662,Sarah Ward; 
Phyllis,Pena,bmcguire@hotmail.com,771-592-6379,
Perry,Norman,michelle59@hotmail.com,542-978-7098x448,Tommy Norman; 
Michael,Lopez,julieknox@gmail.com,001-272-790-3194,Ann Lopez; 
Eric,Wilkins,smithlaura@gmail.com,001-175-927-6657,
Jeffrey,Garza,ortizlisa@cline-diaz.org,929-344-4628,Sherri Garza; Isaiah Garza; 
Chad,Bullock,jhill@adams-campbell.com,001-277-684-8312,Frank Bullock; Andre Bclulok; 
Ariel,Patel,brian05@gmail.com,9117077067,Dana Pteal; 
Jennifer,Carey,hartmanmelinda@gonzalez.com,+1-184-381-2296,Brendan Carey; 
Jeff,Sanchez,brownannette@martinez.com,243.946.2628,Wendy Sanchez; 
Jeremy,Liu,kbest@butler.net,788-136-2381x61172,Carla Liu; 
Seth,Barton,angelareynolds@hotmail.com,+1-840-437-0988x6368,
Ray,Andersen,jennifer50@hotmail.com,383.661.2393,
Lisa,Erickson,wmeyer@silva-weiss.net,001-215-714-5001x143,Francis Erickson; 
Julie,Kim,brian36@yahoo.com,4965669248,Lisa Kim; 
Jessica,Carroll,william50@gmail.com,001-997-731-4514,Lori Carroll; 
Jason,Clements,beanstephanie@hotmail.com,001-012-266-8608x61118,
Arthur,Clark,iruiz@yahoo.com,302.851.3763,Donna Clark; 
Christine,Ball,justindavis@morris.org,290.737.9926x267,
Rachel,Stevens,thomasbeltran@hotmail.com,4540028804,Monica Stevens; 
Kimberly,Morrow,kimberlyrobertson@hotmail.com,001-167-413-8129x821,Kellie Morrow; 
Alyssa,Lawson,brianedwards@peters.com,(818)196-0275,
Ricardo,Douglas,susan24@hotmail.com,+1-519-877-6574x692,
Kim,Jensen,rodriguezedward@nguyen-johnson.com,783.763.4695,Tmiohty Jensen; Katie Jensen; 
Carmen,Baker,vmccarty@yahoo.com,(849)159-1423x12090,
James,Crosby,qpotts@hansen-sanchez.biz,249.505.9032x480,
Roger,Ramos,wlowery@evans.com,001-663-033-1711x6108,
Crystal,Odom,lisacosta@hotmail.com,+1-177-365-0646x709,Kristine Odom; 
Natasha,Bennett,dorseylisa@henry.com,(602)845-7477,Rebort Bennett; 
Joshua,Jones,paulatownsend@gmail.com,001-456-081-3947,Mgaen Jones; 
Elizabeth,Vasquez,hughesjason@yahoo.com,4904735612,
Melissa,Peterson,ian38@simpson.com,(167)001-5533,
Randy,Ayers,justinperkins@cochran.com,(531)187-6863,
Michael,Parker,maria31@robbins-duarte.com,+1-982-890-3837,
Chelsea,Graham,elizabethjohnson@gmail.com,127.232.4928x6456,
Natasha,Downs,deborahreed@green.biz,403.758.6955,
Beverly,Barnes,oadams@gmail.com,191-485-3029,Bdanron Barnes; 
Vanessa,Steele,rjenkins@hotmail.com,001-979-451-1544x792,
Todd,Guzman,bryan79@yahoo.com,(809)341-9600x16742,
Jonathan,Wheeler,esalazar@harris-hubbard.com,110-201-7168x03897,
Pamela,Stone,michaelpark@ingram.com,604-371-8581x24565,Cody Stone; 
Hannah,Marshall,ttran@hotmail.com,001-809-226-3088x0814,
Tina,Yang,xcole@hotmail.com,+1-676-853-5911x79041,
Kevin,Scott,michelleknox@roberts.com,(848)112-1664,Christina Scott; 
Shannon,Preston,jesussherman@yahoo.com,777.683.4016,Jesse Preston; 
Randall,Pacheco,jeffrey81@jones.com,(301)226-1361,Samantha Pacheco; 
Joseph,Dunlap,jessica75@gmail.com,001-903-300-6338,
Julie,Ross,jesseburton@hawkins.com,(327)884-4498x85248,Mhlicele Ross; 
Mary,Sims,cthomas@gmail.com,315.086.7080x51276,
Joel,Richardson,taylorshane@johnson.com,(557)232-8153,
Robert,Hudson,thomas32@crane.net,001-814-740-3418,Taercy Hudson; 
Natasha,Watson,thomaschandler@hotmail.com,297-995-9735x8339,Heather Watson; 
Edward,Conner,rrichmond@yahoo.com,+1-603-856-5421,Connie Conner; 
Dominic,Levy,goodwinjames@huang.com,4334396045,Kathleen Levy; 
Luis,Prince,victoria40@gmail.com,164.351.5245,Rachael Prince; 
Gary,Rush,choilinda@cole-simmons.net,(360)509-1881x5745,Margaret Rush; 
Danielle,Chang,kara16@jones-gregory.org,(453)349-8407x2101,Klmierby Chang; 
Paul,Mcguire,sarapitts@yahoo.com,+1-928-797-2864x6236,
Cory,Myers,crystal55@miller.com,848.593.1933x171,
Daniel,Mitchell,vowens@brown.net,+1-651-852-0034,Hunter Mitchell; 
Carly,White,dhendricks@evans.com,+1-111-759-3289x2673,
Anthony,Snyder,ncarter@gmail.com,153-970-7241,Troy Senydr; 
Brittany,Patterson,emilygarner@nunez.com,+1-128-522-9750x37956,Jisecsa Patterson; 
Heather,Harris,cochrantonya@yahoo.com,(316)604-5017,Lindsay Harris; 
